-- Register some organizations
insert into organization (organization_id, name) values ('00000000-0000-0000-0000-000000000001', 'Helm');
insert into organization (organization_id, name) values ('00000000-0000-0000-0000-000000000002', 'Banzaicloud');
insert into organization (organization_id, name) values ('00000000-0000-0000-0000-000000000003', 'Choerodon');
insert into organization (organization_id, name) values ('00000000-0000-0000-0000-000000000004', 'IBM');
insert into organization (organization_id, name) values ('00000000-0000-0000-0000-000000000005', 'Linkerd');

-- Register 2 sample users and add them to the Helm organization
insert into "user" (user_id, alias, email) values ('00000000-0000-0000-0000-000000000001', 'cynthiasg', 'cynthiasg@icloud.com');
insert into "user" (user_id, alias, email) values ('00000000-0000-0000-0000-000000000002', 'tegioz', 'tegioz@icloud.com');
insert into user__organization values('00000000-0000-0000-0000-000000000001', '00000000-0000-0000-0000-000000000001');
insert into user__organization values('00000000-0000-0000-0000-000000000002', '00000000-0000-0000-0000-000000000001');

-- Register repositories belonging to one organization
insert into chart_repository (name, url, organization_id) values ('stable','https://kubernetes-charts.storage.googleapis.com', '00000000-0000-0000-0000-000000000001');
insert into chart_repository (name, url, organization_id) values ('incubator','https://kubernetes-charts-incubator.storage.googleapis.com', '00000000-0000-0000-0000-000000000001');
insert into chart_repository (name, url, organization_id) values ('banzaicloud-stable','https://kubernetes-charts.banzaicloud.com', '00000000-0000-0000-0000-000000000002');
insert into chart_repository (name, url, organization_id) values ('choerodon','https://openchart.choerodon.com.cn/choerodon/c7n', '00000000-0000-0000-0000-000000000003');
insert into chart_repository (name, url, organization_id) values ('ibm-charts','https://raw.githubusercontent.com/IBM/charts/master/repo/stable/', '00000000-0000-0000-0000-000000000004');
insert into chart_repository (name, url, organization_id) values ('linkerd2','https://helm.linkerd.io/stable', '00000000-0000-0000-0000-000000000005');
insert into chart_repository (name, url, organization_id) values ('linkerd2-edge','https://helm.linkerd.io/edge', '00000000-0000-0000-0000-000000000005');

-- Register some more repositories not belonging to any organization or user
insert into chart_repository (name, url) values ('adwerx','https://adwerx.github.io/charts/');
insert into chart_repository (name, url) values ('aerospike','https://aerospike.github.io/aerospike-kubernetes-enterprise');
insert into chart_repository (name, url) values ('agones','https://agones.dev/chart/stable');
insert into chart_repository (name, url) values ('appdynamics','https://appdynamics.github.io/appdynamics-charts');
insert into chart_repository (name, url) values ('appscode','https://charts.appscode.com/stable/');
insert into chart_repository (name, url) values ('appuio','https://charts.appuio.ch');
insert into chart_repository (name, url) values ('architectminds','https://architectminds.github.io/helm-charts/');
insert into chart_repository (name, url) values ('argo','https://argoproj.github.io/argo-helm');
insert into chart_repository (name, url) values ('aws','https://aws.github.io/eks-charts');
insert into chart_repository (name, url) values ('backube','https://backube.github.io/helm-charts/');
insert into chart_repository (name, url) values ('billimek','https://billimek.com/billimek-charts/');
insert into chart_repository (name, url) values ('buildkite','https://buildkite.github.io/charts');
insert into chart_repository (name, url) values ('ceph-csi','https://ceph.github.io/csi-charts');
insert into chart_repository (name, url) values ('cetic','https://cetic.github.io/helm-charts');
insert into chart_repository (name, url) values ('cgroschupp','https://cgroschupp.github.io/helm-charts/');
insert into chart_repository (name, url) values ('chartsm','https://api.chartsm.com');
insert into chart_repository (name, url) values ('chubaofs','https://chubaofs.github.io/chubaofs-charts');
insert into chart_repository (name, url) values ('citrix','https://citrix.github.io/citrix-helm-charts/');
insert into chart_repository (name, url) values ('cloudbees','https://charts.cloudbees.com/public/cloudbees');
insert into chart_repository (name, url) values ('cloudwatch-agent','https://s2504s.github.io/charts/');
insert into chart_repository (name, url) values ('codecentric','https://codecentric.github.io/helm-charts');
insert into chart_repository (name, url) values ('concourse','https://concourse-charts.storage.googleapis.com/');
insert into chart_repository (name, url) values ('couchdb','https://apache.github.io/couchdb-helm/');
insert into chart_repository (name, url) values ('crate','https://crate.github.io/helm-charts');
insert into chart_repository (name, url) values ('crossplane','https://charts.crossplane.io/master/');
insert into chart_repository (name, url) values ('crowdfox','https://crowdfoxgmbh.github.io/cfcharts');
insert into chart_repository (name, url) values ('cryptlex','https://cryptlex.github.io/helm-charts/');
insert into chart_repository (name, url) values ('dask','https://helm.dask.org/');
insert into chart_repository (name, url) values ('dhiatn','https://dhiatn.github.io/helm-kafka-topics-ui');
insert into chart_repository (name, url) values ('dragonchain','https://dragonchain-charts.s3.amazonaws.com');
insert into chart_repository (name, url) values ('drgrove','https://drgrove.github.io/charts');
insert into chart_repository (name, url) values ('dynatrace','https://raw.githubusercontent.com/Dynatrace/helm-charts/master/repos/stable/');
insert into chart_repository (name, url) values ('eclipse-iot','https://www.eclipse.org/packages/charts/');
insert into chart_repository (name, url) values ('elastic','https://helm.elastic.co');
insert into chart_repository (name, url) values ('emberstack','https://emberstack.github.io/helm-charts');
insert into chart_repository (name, url) values ('eventstore','https://eventstore.github.io/EventStore.Charts');
insert into chart_repository (name, url) values ('external-secrets','https://godaddy.github.io/kubernetes-external-secrets/');
insert into chart_repository (name, url) values ('fairwinds-stable','https://charts.fairwinds.com/stable');
insert into chart_repository (name, url) values ('flagger','https://flagger.app');
insert into chart_repository (name, url) values ('flink-operator','https://googlecloudplatform.github.io/flink-on-k8s-operator/');
insert into chart_repository (name, url) values ('fluxcd','https://charts.fluxcd.io');
insert into chart_repository (name, url) values ('fold','https://charts.foldapp.com');
insert into chart_repository (name, url) values ('forseti-security','https://forseti-security-charts.storage.googleapis.com/release/');
insert into chart_repository (name, url) values ('funkypenguin','https://funkypenguin.github.io/helm-charts');
insert into chart_repository (name, url) values ('gabibbo97','https://gabibbo97.github.io/charts/');
insert into chart_repository (name, url) values ('gitlab','https://charts.gitlab.io/');
insert into chart_repository (name, url) values ('gkarthiks','https://gkarthiks.github.io/helm-charts');
insert into chart_repository (name, url) values ('gomods','https://athens.blob.core.windows.net/charts');
insert into chart_repository (name, url) values ('gp42','https://ops42.org/helm-charts');
insert into chart_repository (name, url) values ('gresearch','https://g-research.github.io/charts/');
insert into chart_repository (name, url) values ('halkeye','https://halkeye.github.io/helm-charts/');
insert into chart_repository (name, url) values ('harbor','https://helm.goharbor.io');
insert into chart_repository (name, url) values ('hazelcast','https://hazelcast.github.io/charts/');
insert into chart_repository (name, url) values ('hephy','https://charts.teamhephy.com');
insert into chart_repository (name, url) values ('hmdmph','https://hmdmph.github.io/helm-charts');
insert into chart_repository (name, url) values ('honeydipper','https://raw.githubusercontent.com/honeydipper/honeydipper-charts/master/');
insert into chart_repository (name, url) values ('hpe-storage','https://hpe-storage.github.io/co-deployments/');
insert into chart_repository (name, url) values ('http-folder','https://aureliengasser.github.io/charts');
insert into chart_repository (name, url) values ('hue','https://helm.gethue.com');
insert into chart_repository (name, url) values ('inlets','https://inlets.github.io/inlets-operator/');
insert into chart_repository (name, url) values ('inspur','https://inspur-iop.github.io/charts/');
insert into chart_repository (name, url) values ('jaegertracing','https://jaegertracing.github.io/helm-charts');
insert into chart_repository (name, url) values ('jenkins','https://raw.githubusercontent.com/jenkinsci/kubernetes-operator/master/chart');
insert into chart_repository (name, url) values ('jetstack','https://charts.jetstack.io');
insert into chart_repository (name, url) values ('jfrog','https://charts.jfrog.io');
insert into chart_repository (name, url) values ('k8dash','https://herbrandson.github.io/k8dash/helm');
insert into chart_repository (name, url) values ('k8s-land','https://charts.k8s.land');
insert into chart_repository (name, url) values ('kanister','https://charts.kanister.io/');
insert into chart_repository (name, url) values ('kedacore','https://kedacore.github.io/charts');
insert into chart_repository (name, url) values ('keel','https://charts.keel.sh');
insert into chart_repository (name, url) values ('kir4h','https://kir4h.github.io/charts');
insert into chart_repository (name, url) values ('kiwigrid','https://kiwigrid.github.io');
insert into chart_repository (name, url) values ('kong','https://charts.konghq.com');
insert into chart_repository (name, url) values ('kremers','https://kremers.github.io');
insert into chart_repository (name, url) values ('kubedex','https://kubedex.github.io/charts');
insert into chart_repository (name, url) values ('kubeinvaders','https://lucky-sideburn.github.io/helm-charts/');
insert into chart_repository (name, url) values ('lifen','https://honestica.github.io/lifen-charts/');
insert into chart_repository (name, url) values ('liwenhe','https://liwenhe1993.github.io/charts/');
insert into chart_repository (name, url) values ('lohmag','https://lohmag.github.io/helm-charts/');
insert into chart_repository (name, url) values ('loki','https://grafana.github.io/loki/charts');
insert into chart_repository (name, url) values ('mailu','https://mailu.github.io/helm-charts/');
insert into chart_repository (name, url) values ('mattermost','https://helm.mattermost.com');
insert into chart_repository (name, url) values ('microsoft','https://microsoft.github.io/charts/repo');
insert into chart_repository (name, url) values ('mirusresearch','https://mirusresearch.github.io/charts/');
insert into chart_repository (name, url) values ('mogaal','https://mogaal.github.io/helm-charts/');
insert into chart_repository (name, url) values ('mojo2600','https://mojo2600.github.io/pihole-kubernetes/');
insert into chart_repository (name, url) values ('nginx','https://helm.nginx.com/stable');
insert into chart_repository (name, url) values ('nginx-edge','https://helm.nginx.com/edge');
insert into chart_repository (name, url) values ('ntppool','https://charts.ntppool.org/');
insert into chart_repository (name, url) values ('odavid','https://odavid.github.io/k8s-helm-charts');
insert into chart_repository (name, url) values ('okgolove','https://okgolove.github.io/helm-charts');
insert into chart_repository (name, url) values ('openfaas','https://openfaas.github.io/faas-netes');
insert into chart_repository (name, url) values ('opsdroid','https://helm.opsdroid.dev/');
insert into chart_repository (name, url) values ('ory','https://k8s.ory.sh/helm/charts');
insert into chart_repository (name, url) values ('owkin','https://owkin.github.io/charts');
insert into chart_repository (name, url) values ('oxyno-zeta','https://oxyno-zeta.github.io/helm-charts/stable/');
insert into chart_repository (name, url) values ('pangeo','https://pangeo-data.github.io/helm-chart/');
insert into chart_repository (name, url) values ('pfisterer-knox','https://pfisterer.github.io/apache-knox-helm/');
insert into chart_repository (name, url) values ('pnnl-miscscripts','https://pnnl-miscscripts.github.io/charts');
insert into chart_repository (name, url) values ('pomerium','https://helm.pomerium.io');
insert into chart_repository (name, url) values ('presslabs','https://presslabs.github.io/charts');
insert into chart_repository (name, url) values ('privatebin','https://privatebin.github.io/helm-chart/');
insert into chart_repository (name, url) values ('promitor','https://promitor.azurecr.io/helm/v1/repo');
insert into chart_repository (name, url) values ('purestorage','https://purestorage.github.io/helm-charts');
insert into chart_repository (name, url) values ('qamatic','https://qamatic.github.io/charts');
insert into chart_repository (name, url) values ('rancher-stable','https://releases.rancher.com/server-charts/stable');
insert into chart_repository (name, url) values ('rimusz','https://charts.rimusz.net');
insert into chart_repository (name, url) values ('riskfocus','https://riskfocus.github.io/helm-charts-public/');
insert into chart_repository (name, url) values ('ruguodangshi','https://ruguodangshi.github.io');
insert into chart_repository (name, url) values ('seldon','https://storage.googleapis.com/seldon-charts');
insert into chart_repository (name, url) values ('simplyzee','https://charts.simplyzee.dev/');
insert into chart_repository (name, url) values ('smallstep','https://smallstep.github.io/helm-charts/');
insert into chart_repository (name, url) values ('snl-charts','https://snebel29.github.io/snl-charts');
insert into chart_repository (name, url) values ('softonic','https://charts.softonic.io');
insert into chart_repository (name, url) values ('solace','https://solaceproducts.github.io/pubsubplus-kubernetes-quickstart/helm-charts');
insert into chart_repository (name, url) values ('soluto','https://charts.soluto.io');
insert into chart_repository (name, url) values ('squidex','https://squidex.github.io/squidex-docker/');
insert into chart_repository (name, url) values ('sstarcher','https://shanestarcher.com/helm-charts/');
insert into chart_repository (name, url) values ('substra','https://substrafoundation.github.io/charts/');
insert into chart_repository (name, url) values ('sumologic','https://sumologic.github.io/sumologic-kubernetes-collection');
insert into chart_repository (name, url) values ('t3n','https://storage.googleapis.com/t3n-helm-charts');
insert into chart_repository (name, url) values ('talend','https://talend.github.io/helm-charts-public/stable');
insert into chart_repository (name, url) values ('tomkerkhove','https://tomkerkhove.azurecr.io/helm/v1/repo');
insert into chart_repository (name, url) values ('uswitch','https://uswitch.github.io/kiam-helm-charts/charts/');
insert into chart_repository (name, url) values ('vmware-tanzu','https://vmware-tanzu.github.io/helm-charts/');
insert into chart_repository (name, url) values ('volcano','https://volcano-sh.github.io/charts/');
insert into chart_repository (name, url) values ('wavefront','https://wavefronthq.github.io/helm/');
insert into chart_repository (name, url) values ('yourls','https://charts.yourls.org');
insert into chart_repository (name, url) values ('yugabyte','https://charts.yugabyte.com');
insert into chart_repository (name, url) values ('zammad','https://zammad.github.io');
insert into chart_repository (name, url) values ('zooz','https://zooz.github.io/helm/');
